{"cameraMode":{"drawMode":0,"name":"Shaded","section":"Shading Mode"},"sceneLighting":true,"audioPlay":false,"sceneViewState":{"m_AlwaysRefresh":false,"showFog":true,"showSkybox":true,"showFlares":true,"showImageEffects":true,"showParticleSystems":true,"showVisualEffectGraphs":true,"m_FxEnabled":true},"in2DMode":false,"pivot":{"x":-2.791004180908203,"y":0.5764946937561035,"z":-3.8872547149658205},"rotation":{"x":0.22165115177631379,"y":0.08616436272859574,"z":-0.01967850886285305,"w":0.9711224436759949},"size":5.241568565368652,"orthographic":false}